id,first_name,last_name,email,gender,ip_address
1,,Beggan,vbeggan0@parallels.com,Female,125.165.133.17
2,Emmerich,Starrs,estarrs1@examiner.com,Male,156.86.215.56
3,Abby,McSparran,amcsparran2@cnn.com,Male,187.19.227.84
4,Ellen,Laurenson,elaurenson3@cbslocal.com,Female,243.169.31.48
5,Felipa,Kilroy,fkilroy4@columbia.edu,Female,169.234.24.103
6,Gail,Nice,gnice5@microsoft.com,Male,82.98.189.163
7,Kenneth,Tebbs,ktebbs6@arstechnica.com,Male,193.115.61.50
8,Adair,Ghirigori,aghirigori7@plala.or.jp,Male,36.144.80.251
9,Rica,Bucknall,rbucknall8@yahoo.co.jp,Female,200.207.167.77
10,Sianna,Riccetti,sriccetti9@ucla.edu,Female,186.62.77.111
11,Gert,Feary,gfearya@infoseek.co.jp,Female,10.67.96.67
12,Lammond,Crassweller,lcrasswellerb@opera.com,Male,108.208.18.253
13,Garrek,Patemore,gpatemorec@shop-pro.jp,Male,10.32.82.31
14,Bibby,Haythorne,bhaythorned@hexun.com,Female,233.87.173.194
15,Fabiano,Glayzer,fglayzere@last.fm,Male,234.95.169.101
16,Talbot,Spilisy,tspilisyf@aboutads.info,Male,31.133.182.127
17,Jobi,Boick,jboickg@answers.com,Female,173.187.57.207
18,Gaby,Aleksandrov,galeksandrovh@paypal.com,Male,228.242.202.83
19,Sherrie,Face,sfacei@bizjournals.com,Female,226.113.198.83
20,Lazarus,Haugen,lhaugenj@blogspot.com,Male,230.148.26.97
